"Sample_Size","Engine_NoBoot_sec","Engine_Boot200_sec","plspm_Boot200_sec"
100,0.00999999999999091,1.5,0.790000000000191
500,0,1.7800000000002,0.879999999999882
1000,0.00999999999999091,2.34000000000015,1.28999999999996
3000,0,5.34999999999991,2.47000000000003
