"Sample_Size","Engine_NoBoot_sec","Engine_Boot200_sec","plspm_Boot200_sec"
100,0,1.05999999999995,0.580000000000382
500,0,1.36999999999989,0.769999999999982
1000,0,2.05999999999995,0.960000000000036
3000,0.0100000000002183,4.5,2.32999999999993
